Universidade dos Açores - Faculdade de Ciências Agrárias e do Ambiente,Ciências Farmacêuticas (Preparatórios)
Universidade dos Açores - Faculdade de Ciências Agrárias e do Ambiente,Medicina Veterinária (Preparatórios)
Universidade dos Açores - Faculdade de Ciências Agrárias e do Ambiente,Ciências Agrárias
Universidade dos Açores - Faculdade de Ciências Agrárias e do Ambiente,Natureza e Património
Universidade dos Açores - Faculdade de Ciências Sociais e Humanas,Arquitetura (Preparatórios)
Universidade dos Açores - Faculdade de Ciências Sociais e Humanas,História
Universidade dos Açores - Faculdade de Ciências Sociais e Humanas,Psicologia
Universidade dos Açores - Faculdade de Ciências Sociais e Humanas,Serviço Social
Universidade dos Açores - Faculdade de Ciências Sociais e Humanas,Sociologia
Universidade dos Açores - Faculdade de Ciências Sociais e Humanas,Relações Públicas e Comunicação
Universidade dos Açores - Faculdade de Ciências Sociais e Humanas,Educação Básica
Universidade dos Açores - Faculdade de Ciências Sociais e Humanas,Estudos Portugueses e Ingleses
Universidade dos Açores - Faculdade de Ciências Sociais e Humanas,Estudos Euro-Atlânticos
Universidade dos Açores - Faculdade de Ciências e Tecnologia,Ciclo Básico de Medicina
Universidade dos Açores - Faculdade de Ciências e Tecnologia,Proteção Civil e Gestão de Riscos
Universidade dos Açores - Faculdade de Ciências e Tecnologia,Biologia
Universidade dos Açores - Faculdade de Ciências e Tecnologia,Ciências do Mar
Universidade dos Açores - Faculdade de Ciências e Tecnologia,Informática - Redes e Multimédia
Universidade dos Açores - Faculdade de Ciências e Tecnologia,Ciênc de Engenharia-Eng Civil
Universidade dos Açores - Faculdade de Economia e Gestão,Economia
Universidade dos Açores - Faculdade de Economia e Gestão,Gestão
Universidade dos Açores - Faculdade de Economia e Gestão,Turismo
Universidade do Algarve,Ciências Biomédicas
Universidade do Algarve - Faculdade de Ciências Humanas e Sociais,Património Cultural e Arqueologia
Universidade do Algarve - Faculdade de Ciências Humanas e Sociais,"Línguas, Literaturas e Culturas"
Universidade do Algarve - Faculdade de Ciências Humanas e Sociais,Psicologia
Universidade do Algarve - Faculdade de Ciências Humanas e Sociais,Artes Visuais
Universidade do Algarve - Faculdade de Ciências Humanas e Sociais,Ciências da Educação e da Formação
Universidade do Algarve - Faculdade de Ciências Humanas e Sociais,Línguas e Comunicação
Universidade do Algarve - Faculdade de Ciências e Tecnologia,Arquitetura Paisagista
Universidade do Algarve - Faculdade de Ciências e Tecnologia,Agronomia
Universidade do Algarve - Faculdade de Ciências e Tecnologia,Biologia
Universidade do Algarve - Faculdade de Ciências e Tecnologia,Biologia Marinha
Universidade do Algarve - Faculdade de Ciências e Tecnologia,Bioquímica
Universidade do Algarve - Faculdade de Ciências e Tecnologia,Biotecnologia
Universidade do Algarve - Faculdade de Ciências e Tecnologia,Engenharia Informática
Universidade do Algarve - Faculdade de Ciências e Tecnologia,Matemática Aplicada à Economia e à Gestão
Universidade do Algarve - Faculdade de Ciências e Tecnologia,Ciências Farmacêuticas
Universidade do Algarve - Faculdade de Ciências e Tecnologia,Gestão Marinha e Costeira
Universidade do Algarve - Faculdade de Economia,Economia
Universidade do Algarve - Faculdade de Economia,Gestão de Empresas
Universidade do Algarve - Faculdade de Economia,Sociologia
Universidade de Aveiro,Administração Pública
Universidade de Aveiro,Biologia
Universidade de Aveiro,Biologia e Geologia
Universidade de Aveiro,Bioquímica
Universidade de Aveiro,Biotecnologia
Universidade de Aveiro,Ciências do Mar
Universidade de Aveiro,Design
Universidade de Aveiro,Economia
Universidade de Aveiro,Engenharia Informática
Universidade de Aveiro,Física
Universidade de Aveiro,Geologia
Universidade de Aveiro,Gestão
Universidade de Aveiro,Línguas e Estudos Editoriais
Universidade de Aveiro,Línguas e Relações Empresariais
Universidade de Aveiro,"Línguas, Literaturas e Culturas"
Universidade de Aveiro,Matemática
Universidade de Aveiro,"Meteorologia, Oceanografia e Geofísica"
Universidade de Aveiro,Música
Universidade de Aveiro,Novas Tecnologias da Comunicação
Universidade de Aveiro,Psicologia
Universidade de Aveiro,Tradução
Universidade de Aveiro,Turismo
Universidade de Aveiro,Ciências Biomédicas
Universidade de Aveiro,Engenharia Biomédica
Universidade de Aveiro,Engenharia Civil
Universidade de Aveiro,Engenharia de Computadores e Telemática
Universidade de Aveiro,Engenharia de Materiais
Universidade de Aveiro,Engenharia Eletrónica e Telecomunicações
Universidade de Aveiro,Engenharia Física
Universidade de Aveiro,Engenharia Mecânica
Universidade de Aveiro,Engenharia Química
Universidade de Aveiro,Engenharia do Ambiente
Universidade de Aveiro,Engenharia e Gestão Industrial
Universidade de Aveiro,Educação Básica
Universidade de Aveiro,Engenharia Computacional
Universidade de Aveiro,Reabilitação do Património
Universidade da Beira Interior,Optometria e Ciências da Visão
Universidade da Beira Interior,Engenharia Aeronáutica
Universidade da Beira Interior,Bioquímica
Universidade da Beira Interior,Biotecnologia
Universidade da Beira Interior,Ciência Política e Relações Internacionais
Universidade da Beira Interior,Ciências da Comunicação
Universidade da Beira Interior,Ciências da Cultura
Universidade da Beira Interior,Cinema
Universidade da Beira Interior,Design de Moda
Universidade da Beira Interior,Design Industrial
Universidade da Beira Interior,Design Multimédia
Universidade da Beira Interior,Economia
Universidade da Beira Interior,Engenharia Eletromecânica
Universidade da Beira Interior,Engenharia Eletrotécnica e de Computadores
Universidade da Beira Interior,Engenharia Informática
Universidade da Beira Interior,Gestão
Universidade da Beira Interior,Marketing
Universidade da Beira Interior,Psicologia
Universidade da Beira Interior,Química Industrial
Universidade da Beira Interior,Sociologia
Universidade da Beira Interior,Arquitetura
Universidade da Beira Interior,Ciências Biomédicas
Universidade da Beira Interior,Engenharia Civil
Universidade da Beira Interior,Ciências Farmacêuticas
Universidade da Beira Interior,Bioengenharia
Universidade da Beira Interior,Ciências do Desporto
Universidade da Beira Interior,Medicina
Universidade da Beira Interior,Estudos Portugueses e Espanhóis
Universidade da Beira Interior,Informática Web
Universidade de Coimbra - Faculdade de Ciências e Tecnologia,Química Medicinal
Universidade de Coimbra - Faculdade de Ciências e Tecnologia,Biologia
Universidade de Coimbra - Faculdade de Ciências e Tecnologia,Bioquímica
Universidade de Coimbra - Faculdade de Ciências e Tecnologia,Engenharia e Gestão Industrial
Universidade de Coimbra - Faculdade de Ciências e Tecnologia,Engenharia Informática
Universidade de Coimbra - Faculdade de Ciências e Tecnologia,Física
Universidade de Coimbra - Faculdade de Ciências e Tecnologia,Geologia
Universidade de Coimbra - Faculdade de Ciências e Tecnologia,Matemática
Universidade de Coimbra - Faculdade de Ciências e Tecnologia,Química
Universidade de Coimbra - Faculdade de Ciências e Tecnologia,Arquitetura
Universidade de Coimbra - Faculdade de Ciências e Tecnologia,Engenharia Biomédica
Universidade de Coimbra - Faculdade de Ciências e Tecnologia,Engenharia Civil
Universidade de Coimbra - Faculdade de Ciências e Tecnologia,Engenharia Eletrotécnica e de Computadores
Universidade de Coimbra - Faculdade de Ciências e Tecnologia,Engenharia Física
Universidade de Coimbra - Faculdade de Ciências e Tecnologia,Engenharia Mecânica
Universidade de Coimbra - Faculdade de Ciências e Tecnologia,Antropologia
Universidade de Coimbra - Faculdade de Ciências e Tecnologia,Engenharia Química
Universidade de Coimbra - Faculdade de Ciências e Tecnologia,Engenharia do Ambiente
Universidade de Coimbra - Faculdade de Ciências e Tecnologia,Design e Multimédia
Universidade de Coimbra - Faculdade de Direito,Administração Público-Privada
Universidade de Coimbra - Faculdade de Direito,Direito
Universidade de Coimbra - Faculdade de Economia,Economia
Universidade de Coimbra - Faculdade de Economia,Gestão
Universidade de Coimbra - Faculdade de Economia,Relações Internacionais
Universidade de Coimbra - Faculdade de Economia,Sociologia
Universidade de Coimbra - Faculdade de Farmácia,Ciências Farmacêuticas
Universidade de Coimbra - Faculdade de Farmácia,Ciências Bioanalíticas
Universidade de Coimbra - Faculdade de Farmácia,Farmácia Biomédica
Universidade de Coimbra - Faculdade de Letras,Português
Universidade de Coimbra - Faculdade de Letras,Arqueologia
Universidade de Coimbra - Faculdade de Letras,Estudos Artísticos
Universidade de Coimbra - Faculdade de Letras,Estudos Clássicos
Universidade de Coimbra - Faculdade de Letras,Estudos Europeus
Universidade de Coimbra - Faculdade de Letras,Filosofia
Universidade de Coimbra - Faculdade de Letras,Geografia
Universidade de Coimbra - Faculdade de Letras,História
Universidade de Coimbra - Faculdade de Letras,História da Arte
Universidade de Coimbra - Faculdade de Letras,Ciência da Informação
Universidade de Coimbra - Faculdade de Letras,Jornalismo e Comunicação
Universidade de Coimbra - Faculdade de Letras,Línguas Modernas
Universidade de Coimbra - Faculdade de Letras,"Turismo, Território e Patrimónios"
Universidade de Coimbra - Faculdade de Medicina,Medicina Dentária
Universidade de Coimbra - Faculdade de Medicina,Medicina
Universidade de Coimbra - Faculdade de Psicologia e de Ciências da Educação,Ciências da Educação
Universidade de Coimbra - Faculdade de Psicologia e de Ciências da Educação,Serviço Social
Universidade de Coimbra - Faculdade de Psicologia e de Ciências da Educação,Psicologia
Universidade de Coimbra - Faculdade de Ciências do Desporto e Educação Física,Ciências do Desporto (regime pós-laboral)
Universidade de Coimbra - Faculdade de Ciências do Desporto e Educação Física,Ciências do Desporto
Universidade de Évora - Escola de Ciências e Tecnologia,Arquitetura Paisagista
Universidade de Évora - Escola de Ciências e Tecnologia,Biologia Humana
Universidade de Évora - Escola de Ciências e Tecnologia,Agronomia
Universidade de Évora - Escola de Ciências e Tecnologia,Biologia
Universidade de Évora - Escola de Ciências e Tecnologia,Bioquímica
Universidade de Évora - Escola de Ciências e Tecnologia,Biotecnologia
Universidade de Évora - Escola de Ciências e Tecnologia,Engenharia Informática
Universidade de Évora - Escola de Ciências e Tecnologia,Geografia
Universidade de Évora - Escola de Ciências e Tecnologia,Geologia
Universidade de Évora - Escola de Ciências e Tecnologia,Matemática Aplicada à Economia e à Gestão
Universidade de Évora - Escola de Ciências e Tecnologia,Química
Universidade de Évora - Escola de Ciências e Tecnologia,Ciências do Desporto
Universidade de Évora - Escola de Ciências e Tecnologia,Engenharia Mecatrónica
Universidade de Évora - Escola de Ciências e Tecnologia,Ciência e Tecnologia Animal
Universidade de Évora - Escola de Ciências e Tecnologia,Reabilitação Psicomotora
Universidade de Évora - Escola de Ciências e Tecnologia,Medicina Veterinária
Universidade de Évora - Escola de Ciências e Tecnologia,Ecologia e Ambiente
Universidade de Évora - Escola de Artes,Design
Universidade de Évora - Escola de Artes,Teatro
Universidade de Évora - Escola de Artes,Arquitetura
Universidade de Évora - Escola de Artes,Artes Visuais - Multimédia
Universidade de Évora - Escola de Ciências Sociais,História e Arqueologia
Universidade de Évora - Escola de Ciências Sociais,Ciências da Educação
Universidade de Évora - Escola de Ciências Sociais,Economia
Universidade de Évora - Escola de Ciências Sociais,Gestão
Universidade de Évora - Escola de Ciências Sociais,Psicologia
Universidade de Évora - Escola de Ciências Sociais,Relações Internacionais
Universidade de Évora - Escola de Ciências Sociais,Sociologia
Universidade de Évora - Escola de Ciências Sociais,Turismo
Universidade de Évora - Escola de Ciências Sociais,Património Cultural
Universidade de Évora - Escola de Ciências Sociais,Educação Básica
Universidade de Évora - Escola de Ciências Sociais,Línguas e Literaturas
Universidade Nova de Lisboa - Faculdade de Ciências Médicas,Medicina
Universidade Nova de Lisboa - Faculdade de Ciências Sociais e Humanas,Sociologia (regime pós-laboral)
Universidade Nova de Lisboa - Faculdade de Ciências Sociais e Humanas,Arqueologia
Universidade Nova de Lisboa - Faculdade de Ciências Sociais e Humanas,Ciência Política e Relações Internacionais
Universidade Nova de Lisboa - Faculdade de Ciências Sociais e Humanas,Ciências da Comunicação
Universidade Nova de Lisboa - Faculdade de Ciências Sociais e Humanas,Ciências da Linguagem
Universidade Nova de Lisboa - Faculdade de Ciências Sociais e Humanas,Ciências Musicais
Universidade Nova de Lisboa - Faculdade de Ciências Sociais e Humanas,Filosofia
Universidade Nova de Lisboa - Faculdade de Ciências Sociais e Humanas,Geografia e Planeamento Regional
Universidade Nova de Lisboa - Faculdade de Ciências Sociais e Humanas,História
Universidade Nova de Lisboa - Faculdade de Ciências Sociais e Humanas,História da Arte
Universidade Nova de Lisboa - Faculdade de Ciências Sociais e Humanas,"Línguas, Literaturas e Culturas"
Universidade Nova de Lisboa - Faculdade de Ciências Sociais e Humanas,Sociologia
Universidade Nova de Lisboa - Faculdade de Ciências Sociais e Humanas,Tradução
Universidade Nova de Lisboa - Faculdade de Ciências Sociais e Humanas,Antropologia
Universidade Nova de Lisboa - Faculdade de Ciências Sociais e Humanas,Estudos Portugueses
Universidade Nova de Lisboa - Faculdade de Ciências e Tecnologia,Conservação - Restauro
Universidade Nova de Lisboa - Faculdade de Ciências e Tecnologia,Engenharia de Micro e Nanotecnologias
Universidade Nova de Lisboa - Faculdade de Ciências e Tecnologia,Bioquímica
Universidade Nova de Lisboa - Faculdade de Ciências e Tecnologia,Engenharia Geológica
Universidade Nova de Lisboa - Faculdade de Ciências e Tecnologia,Matemática
Universidade Nova de Lisboa - Faculdade de Ciências e Tecnologia,Química Aplicada
Universidade Nova de Lisboa - Faculdade de Ciências e Tecnologia,Biologia Celular e Molecular
Universidade Nova de Lisboa - Faculdade de Ciências e Tecnologia,Engenharia Biomédica
Universidade Nova de Lisboa - Faculdade de Ciências e Tecnologia,Engenharia Civil
Universidade Nova de Lisboa - Faculdade de Ciências e Tecnologia,Engenharia de Materiais
Universidade Nova de Lisboa - Faculdade de Ciências e Tecnologia,Engenharia Eletrotécnica e de Computadores
Universidade Nova de Lisboa - Faculdade de Ciências e Tecnologia,Engenharia Física
Universidade Nova de Lisboa - Faculdade de Ciências e Tecnologia,Engenharia Mecânica
Universidade Nova de Lisboa - Faculdade de Ciências e Tecnologia,Engenharia Química e Bioquímica
Universidade Nova de Lisboa - Faculdade de Ciências e Tecnologia,Engenharia do Ambiente
Universidade Nova de Lisboa - Faculdade de Ciências e Tecnologia,Engenharia e Gestão Industrial
Universidade Nova de Lisboa - Faculdade de Ciências e Tecnologia,Engenharia Informática
Universidade Nova de Lisboa - Faculdade de Economia,Economia
Universidade Nova de Lisboa - Faculdade de Economia,Gestão
Universidade Nova de Lisboa - Instituto Superior de Estatística e Gestão de Informação,Sistemas e Tecnologias de Informação
Universidade Nova de Lisboa - Instituto Superior de Estatística e Gestão de Informação,Gestão de Informação
Universidade Nova de Lisboa - Faculdade de Direito,Direito
Universidade do Minho,Marketing (regime pós-laboral)
Universidade do Minho,Geografia e Planeamento
Universidade do Minho,Optometria e Ciências da Visão
Universidade do Minho,Direito (regime pós-laboral)
Universidade do Minho,Educação (regime pós-laboral)
Universidade do Minho,Negócios Internacionais (regime pós-laboral)
Universidade do Minho,Design de Produto
Universidade do Minho,Administração Pública
Universidade do Minho,Arqueologia
Universidade do Minho,Biologia e Geologia
Universidade do Minho,Bioquímica
Universidade do Minho,Ciência Política
Universidade do Minho,Ciências da Comunicação
Universidade do Minho,Direito
Universidade do Minho,Economia
Universidade do Minho,Estudos Culturais
Universidade do Minho,Estudos Portugueses e Lusófonos
Universidade do Minho,Filosofia
Universidade do Minho,Física
Universidade do Minho,Geologia
Universidade do Minho,Gestão
Universidade do Minho,História
Universidade do Minho,Línguas Aplicadas
Universidade do Minho,Línguas e Literaturas Europeias
Universidade do Minho,Matemática
Universidade do Minho,Química
Universidade do Minho,Relações Internacionais
Universidade do Minho,Sociologia
Universidade do Minho,Teatro
Universidade do Minho,Arquitetura
Universidade do Minho,Educação
Universidade do Minho,Engenharia Biológica
Universidade do Minho,Engenharia Biomédica
Universidade do Minho,Engenharia Civil
Universidade do Minho,Engenharia de Materiais
Universidade do Minho,Engenharia de Polímeros
Universidade do Minho,Engenharia Eletrónica Industrial e Computadores
Universidade do Minho,Engenharia Física
Universidade do Minho,Engenharia Mecânica
Universidade do Minho,Engenharia Têxtil
Universidade do Minho,Ciências do Ambiente
Universidade do Minho,Estatística Aplicada
Universidade do Minho,Ciências da Computação
Universidade do Minho,Design e Marketing de Moda
Universidade do Minho,Engenharia e Gestão Industrial
Universidade do Minho,Psicologia
Universidade do Minho,Biologia Aplicada
Universidade do Minho,Medicina
Universidade do Minho,Educação Básica
Universidade do Minho,Contabilidade (regime pós-laboral)
Universidade do Minho,Engenharia e Gestão de Sistemas de Informação
Universidade do Minho,Engenharia e Gestão de Sistemas de Informação (regime pós-laboral)
Universidade do Minho,Engenharia Informática
Universidade do Minho,Engenharia de Telecomunicações e Informática
Universidade do Minho,Criminologia e Justiça Criminal
Universidade do Minho,Estudos Orientais: Estudos Chineses e Japoneses
Universidade do Porto - Faculdade de Ciências da Nutrição e da Alimentação,Ciências da Nutrição
Universidade do Porto - Faculdade de Arquitetura,Arquitetura
Universidade do Porto - Faculdade de Ciências,Arquitetura Paisagista
Universidade do Porto - Faculdade de Ciências,Biologia
Universidade do Porto - Faculdade de Ciências,Bioquímica
Universidade do Porto - Faculdade de Ciências,Física
Universidade do Porto - Faculdade de Ciências,Geologia
Universidade do Porto - Faculdade de Ciências,Matemática
Universidade do Porto - Faculdade de Ciências,Química
Universidade do Porto - Faculdade de Ciências,Engenharia Física
Universidade do Porto - Faculdade de Ciências,Ciência de Computadores
Universidade do Porto - Faculdade de Ciências,Ciências e Tecnologia do Ambiente
Universidade do Porto - Faculdade de Ciências,Engenharia de Redes e Sistemas Informáticos
Universidade do Porto - Faculdade de Ciências,Ciências de Engenharia
Universidade do Porto - Faculdade de Economia,Economia
Universidade do Porto - Faculdade de Economia,Gestão
Universidade do Porto - Faculdade de Engenharia,Engenharia Civil
Universidade do Porto - Faculdade de Engenharia,Engenharia Eletrotécnica e de Computadores
Universidade do Porto - Faculdade de Engenharia,Engenharia Mecânica
Universidade do Porto - Faculdade de Engenharia,Engenharia Informática e Computação
Universidade do Porto - Faculdade de Engenharia,Engenharia Metalúrgica e de Materiais
Universidade do Porto - Faculdade de Engenharia,Engenharia Química
Universidade do Porto - Faculdade de Engenharia,Bioengenharia
Universidade do Porto - Faculdade de Engenharia,Engenharia do Ambiente
Universidade do Porto - Faculdade de Engenharia,Engenharia e Gestão Industrial
Universidade do Porto - Faculdade de Engenharia,Ciências de Engenharia - Engenharia de Minas e Geoambiente
Universidade do Porto - Faculdade de Farmácia,Ciências Farmacêuticas
Universidade do Porto - Faculdade de Letras,Arqueologia
Universidade do Porto - Faculdade de Letras,Ciências da Linguagem
Universidade do Porto - Faculdade de Letras,Filosofia
Universidade do Porto - Faculdade de Letras,Geografia
Universidade do Porto - Faculdade de Letras,História
Universidade do Porto - Faculdade de Letras,História da Arte
Universidade do Porto - Faculdade de Letras,Línguas Aplicadas
Universidade do Porto - Faculdade de Letras,Línguas e Relações Internacionais
Universidade do Porto - Faculdade de Letras,"Línguas, Literaturas e Culturas"
Universidade do Porto - Faculdade de Letras,Sociologia
Universidade do Porto - Faculdade de Letras,Ciência da Informação
Universidade do Porto - Faculdade de Letras,"Ciências da Comunicação: Jornalismo, Assessoria, Multimédia"
Universidade do Porto - Faculdade de Letras,Estudos Portugueses
Universidade do Porto - Faculdade de Medicina,Medicina
Universidade do Porto - Faculdade de Psicologia e de Ciências da Educação,Ciências da Educação
Universidade do Porto - Faculdade de Psicologia e de Ciências da Educação,Psicologia
Universidade do Porto - Instituto de Ciências Biomédicas Abel Salazar,Ciências do Meio Aquático
Universidade do Porto - Instituto de Ciências Biomédicas Abel Salazar,Medicina
Universidade do Porto - Instituto de Ciências Biomédicas Abel Salazar,Medicina Veterinária
Universidade do Porto - Faculdade de Desporto,Ciências do Desporto
Universidade do Porto - Faculdade de Medicina Dentária,Medicina Dentária
Universidade do Porto - Faculdade de Direito,Criminologia
Universidade do Porto - Faculdade de Direito,Direito
Universidade de Trás-os-Montes e Alto Douro - Escola de Ciências Agrárias e Veterinárias,Arquitetura Paisagista
Universidade de Trás-os-Montes e Alto Douro - Escola de Ciências Agrárias e Veterinárias,Engenharia Agronómica
Universidade de Trás-os-Montes e Alto Douro - Escola de Ciências Agrárias e Veterinárias,Engenharia Florestal
Universidade de Trás-os-Montes e Alto Douro - Escola de Ciências Agrárias e Veterinárias,Engenharia Zootécnica
Universidade de Trás-os-Montes e Alto Douro - Escola de Ciências Agrárias e Veterinárias,Enologia
Universidade de Trás-os-Montes e Alto Douro - Escola de Ciências Agrárias e Veterinárias,Medicina Veterinária
Universidade de Trás-os-Montes e Alto Douro - Escola de Ciências Humanas e Sociais,Ciências da Comunicação
Universidade de Trás-os-Montes e Alto Douro - Escola de Ciências Humanas e Sociais,Economia
Universidade de Trás-os-Montes e Alto Douro - Escola de Ciências Humanas e Sociais,Gestão
Universidade de Trás-os-Montes e Alto Douro - Escola de Ciências Humanas e Sociais,Línguas e Relações Empresariais
Universidade de Trás-os-Montes e Alto Douro - Escola de Ciências Humanas e Sociais,"Línguas, Literaturas e Culturas"
Universidade de Trás-os-Montes e Alto Douro - Escola de Ciências Humanas e Sociais,Psicologia
Universidade de Trás-os-Montes e Alto Douro - Escola de Ciências Humanas e Sociais,Serviço Social
Universidade de Trás-os-Montes e Alto Douro - Escola de Ciências Humanas e Sociais,Turismo
Universidade de Trás-os-Montes e Alto Douro - Escola de Ciências Humanas e Sociais,Teatro e Artes Performativas
Universidade de Trás-os-Montes e Alto Douro - Escola de Ciências Humanas e Sociais,Educação Básica
Universidade de Trás-os-Montes e Alto Douro - Escola de Ciências Humanas e Sociais,Animação Cultural e Comunitária
Universidade de Trás-os-Montes e Alto Douro - Escola de Ciências e Tecnologia,Engenharia e Gestão Industrial (Preparatórios)
Universidade de Trás-os-Montes e Alto Douro - Escola de Ciências e Tecnologia,Comunicação e Multimédia
Universidade de Trás-os-Montes e Alto Douro - Escola de Ciências e Tecnologia,Engenharia Civil
Universidade de Trás-os-Montes e Alto Douro - Escola de Ciências e Tecnologia,Engenharia Informática
Universidade de Trás-os-Montes e Alto Douro - Escola de Ciências e Tecnologia,Engenharia Mecânica
Universidade de Trás-os-Montes e Alto Douro - Escola de Ciências e Tecnologia,Tecnologias de Informação e Comunicação
Universidade de Trás-os-Montes e Alto Douro - Escola de Ciências e Tecnologia,Engenharia Eletrotécnica e de Computadores
Universidade de Trás-os-Montes e Alto Douro - Escola de Ciências e Tecnologia,Engenharia Biomédica
Universidade de Trás-os-Montes e Alto Douro - Escola de Ciências da Vida e do Ambiente,Biologia
Universidade de Trás-os-Montes e Alto Douro - Escola de Ciências da Vida e do Ambiente,Biologia e Geologia
Universidade de Trás-os-Montes e Alto Douro - Escola de Ciências da Vida e do Ambiente,Bioquímica
Universidade de Trás-os-Montes e Alto Douro - Escola de Ciências da Vida e do Ambiente,Ciências do Ambiente
Universidade de Trás-os-Montes e Alto Douro - Escola de Ciências da Vida e do Ambiente,Bioengenharia
Universidade de Trás-os-Montes e Alto Douro - Escola de Ciências da Vida e do Ambiente,Ciência Alimentar
Universidade de Trás-os-Montes e Alto Douro - Escola de Ciências da Vida e do Ambiente,Ciências do Desporto
Universidade de Trás-os-Montes e Alto Douro - Escola de Ciências da Vida e do Ambiente,Genética e Biotecnologia
Universidade de Trás-os-Montes e Alto Douro - Escola de Ciências da Vida e do Ambiente,Reabilitação Psicomotora
Universidade da Madeira,Ciclo Básico de Medicina
Universidade da Madeira,Biologia
Universidade da Madeira,Bioquímica
Universidade da Madeira,Ciências da Educação
Universidade da Madeira,Design
Universidade da Madeira,Economia
Universidade da Madeira,Engenharia Informática
Universidade da Madeira,Gestão
Universidade da Madeira,Línguas e Relações Empresariais
Universidade da Madeira,Psicologia
Universidade da Madeira,"Comunicação, Cultura e Organizações"
Universidade da Madeira,Educação Física e Desporto
Universidade da Madeira,Artes Visuais
Universidade da Madeira,Educação Básica
Universidade da Madeira,Engenharia Civil (ensino em inglês)
Universidade da Madeira,Engenharia Eletrónica e Telecomunicações  (ensino em inglês)
Universidade da Madeira,Matemática (ensino em inglês)
Universidade da Madeira,Estudos de Cultura
Universidade da Madeira - Escola Superior de Saúde,Enfermagem
Universidade de Lisboa,Ciências da Saúde
Universidade de Lisboa - Faculdade de Arquitetura,Design
Universidade de Lisboa - Faculdade de Arquitetura,Design de Moda
Universidade de Lisboa - Faculdade de Arquitetura,Arquitetura
Universidade de Lisboa - Faculdade de Arquitetura,"Arquitetura, na área de especialização em Urbanismo"
Universidade de Lisboa - Faculdade de Arquitetura,"Arquitectura, área de especializ. em Interiores e Reabilitação do Edificado"
Universidade de Lisboa - Faculdade de Belas-Artes,Desenho
Universidade de Lisboa - Faculdade de Belas-Artes,Design de Comunicação
Universidade de Lisboa - Faculdade de Belas-Artes,Design de Equipamento
Universidade de Lisboa - Faculdade de Belas-Artes,Escultura
Universidade de Lisboa - Faculdade de Belas-Artes,Pintura
Universidade de Lisboa - Faculdade de Belas-Artes,Arte Multimédia
Universidade de Lisboa - Faculdade de Belas-Artes,Ciências da Arte e do Património
Universidade de Lisboa - Faculdade de Ciências,Biologia
Universidade de Lisboa - Faculdade de Ciências,Bioquímica
Universidade de Lisboa - Faculdade de Ciências,Engenharia Informática
Universidade de Lisboa - Faculdade de Ciências,Física
Universidade de Lisboa - Faculdade de Ciências,Geologia
Universidade de Lisboa - Faculdade de Ciências,Matemática
Universidade de Lisboa - Faculdade de Ciências,"Meteorologia, Oceanografia e Geofísica"
Universidade de Lisboa - Faculdade de Ciências,Química
Universidade de Lisboa - Faculdade de Ciências,Química Tecnológica
Universidade de Lisboa - Faculdade de Ciências,Engenharia Física
Universidade de Lisboa - Faculdade de Ciências,Estatística Aplicada
Universidade de Lisboa - Faculdade de Ciências,Matemática Aplicada
Universidade de Lisboa - Faculdade de Ciências,Engenharia da Energia e do Ambiente
Universidade de Lisboa - Faculdade de Ciências,Engenharia Biomédica e Biofísica
Universidade de Lisboa - Faculdade de Ciências,Tecnologias de Informação
Universidade de Lisboa - Faculdade de Ciências,Engenharia Geoespacial
Universidade de Lisboa - Faculdade de Direito,Direito
Universidade de Lisboa - Faculdade de Farmácia,Ciências Farmacêuticas
Universidade de Lisboa - Faculdade de Letras,"Estudos Artísticos, variante de Artes do Espetáculo"
Universidade de Lisboa - Faculdade de Letras,Artes e Humanidades
Universidade de Lisboa - Faculdade de Letras,Estudos Gerais
Universidade de Lisboa - Faculdade de Letras,Arqueologia
Universidade de Lisboa - Faculdade de Letras,Ciências da Linguagem
Universidade de Lisboa - Faculdade de Letras,Estudos Africanos
Universidade de Lisboa - Faculdade de Letras,Estudos Clássicos
Universidade de Lisboa - Faculdade de Letras,Estudos Europeus
Universidade de Lisboa - Faculdade de Letras,Filosofia
Universidade de Lisboa - Faculdade de Letras,História
Universidade de Lisboa - Faculdade de Letras,História da Arte
Universidade de Lisboa - Faculdade de Letras,"Línguas, Literaturas e Culturas"
Universidade de Lisboa - Faculdade de Letras,Tradução
Universidade de Lisboa - Faculdade de Letras,Estudos Asiáticos
Universidade de Lisboa - Faculdade de Letras,Estudos Portugueses
Universidade de Lisboa - Faculdade de Letras,Estudos Comparatistas
Universidade de Lisboa - Faculdade de Letras,Estudos de Cultura e Comunicação
Universidade de Lisboa - Faculdade de Medicina,Medicina
Universidade de Lisboa - Faculdade de Medicina Dentária,Medicina Dentária
Universidade de Lisboa - Faculdade de Medicina Dentária,Higiene Oral
Universidade de Lisboa - Faculdade de Medicina Dentária,Prótese Dentária
Universidade de Lisboa - Faculdade de Medicina Veterinária,Medicina Veterinária
Universidade de Lisboa - Faculdade de Motricidade Humana,Dança
Universidade de Lisboa - Faculdade de Motricidade Humana,Gestão do Desporto
Universidade de Lisboa - Faculdade de Motricidade Humana,Ciências do Desporto
Universidade de Lisboa - Faculdade de Motricidade Humana,Ergonomia
Universidade de Lisboa - Faculdade de Motricidade Humana,Reabilitação Psicomotora
Universidade de Lisboa - Faculdade de Psicologia,Psicologia
Universidade de Lisboa - Instituto de Educação,Educação e Formação
Universidade de Lisboa - Instituto de Geografia e Ordenamento do Território,Planeamento e Gestão do Território
Universidade de Lisboa - Instituto de Geografia e Ordenamento do Território,Geografia
Universidade de Lisboa - Instituto Superior de Agronomia,Arquitetura Paisagista
Universidade de Lisboa - Instituto Superior de Agronomia,Engenharia Florestal e dos Recursos Naturais
Universidade de Lisboa - Instituto Superior de Agronomia,Biologia
Universidade de Lisboa - Instituto Superior de Agronomia,Engenharia Agronómica
Universidade de Lisboa - Instituto Superior de Agronomia,Engenharia Alimentar
Universidade de Lisboa - Instituto Superior de Agronomia,Engenharia do Ambiente
Universidade de Lisboa - Instituto Superior de Agronomia,Engenharia Zootécnica
Universidade de Lisboa - Instituto Superior de Ciências Sociais e Políticas,Serviço Social (regime pós-laboral)
Universidade de Lisboa - Instituto Superior de Ciências Sociais e Políticas,Administração Pública (regime pós-laboral)
Universidade de Lisboa - Instituto Superior de Ciências Sociais e Políticas,Sociologia (regime pós-laboral)
Universidade de Lisboa - Instituto Superior de Ciências Sociais e Políticas,Gestão de Recursos Humanos (regime pós-laboral)
Universidade de Lisboa - Instituto Superior de Ciências Sociais e Políticas,Administração Pública e Políticas do Território (regime pós-laboral)
Universidade de Lisboa - Instituto Superior de Ciências Sociais e Políticas,Relações Internacionais (regime pós-laboral)
Universidade de Lisboa - Instituto Superior de Ciências Sociais e Políticas,Administração Pública
Universidade de Lisboa - Instituto Superior de Ciências Sociais e Políticas,Ciência Política
Universidade de Lisboa - Instituto Superior de Ciências Sociais e Políticas,Ciências da Comunicação
Universidade de Lisboa - Instituto Superior de Ciências Sociais e Políticas,Gestão de Recursos Humanos
Universidade de Lisboa - Instituto Superior de Ciências Sociais e Políticas,Relações Internacionais
Universidade de Lisboa - Instituto Superior de Ciências Sociais e Políticas,Serviço Social
Universidade de Lisboa - Instituto Superior de Ciências Sociais e Políticas,Sociologia
Universidade de Lisboa - Instituto Superior de Ciências Sociais e Políticas,Antropologia
Universidade de Lisboa - Instituto Superior de Economia e Gestão,Economia
Universidade de Lisboa - Instituto Superior de Economia e Gestão,Finanças
Universidade de Lisboa - Instituto Superior de Economia e Gestão,Gestão
Universidade de Lisboa - Instituto Superior de Economia e Gestão,Matemática Aplicada à Economia e à Gestão
Universidade de Lisboa - Instituto Superior de Economia e Gestão,Gestão (ensino em Inglês)
Universidade de Lisboa - Instituto Superior de Economia e Gestão,Economia (ensino em inglês)
Universidade de Lisboa - Instituto Superior Técnico,Engenharia Informática e de Computadores
Universidade de Lisboa - Instituto Superior Técnico,Arquitetura
Universidade de Lisboa - Instituto Superior Técnico,Matemática Aplicada e Computação
Universidade de Lisboa - Instituto Superior Técnico,Engenharia Aeroespacial
Universidade de Lisboa - Instituto Superior Técnico,Engenharia Biológica
Universidade de Lisboa - Instituto Superior Técnico,Engenharia Biomédica
Universidade de Lisboa - Instituto Superior Técnico,Engenharia Civil
Universidade de Lisboa - Instituto Superior Técnico,Engenharia de Materiais
Universidade de Lisboa - Instituto Superior Técnico,Engenharia Eletrotécnica e de Computadores
Universidade de Lisboa - Instituto Superior Técnico,Engenharia Mecânica
Universidade de Lisboa - Instituto Superior Técnico,Engenharia Física Tecnológica
Universidade de Lisboa - Instituto Superior Técnico,Engenharia Química
Universidade de Lisboa - Instituto Superior Técnico,Engenharia do Ambiente
Universidade de Lisboa - Instituto Superior Técnico,Engenharia Geológica e de Minas
Universidade de Lisboa - Instituto Superior Técnico,Engenharia Naval e Oceânica
Universidade de Lisboa - Instituto Superior Técnico (Tagus Park),Engenharia de Telecomunicações e Informática
Universidade de Lisboa - Instituto Superior Técnico (Tagus Park),Engenharia e Gestão Industrial
Universidade de Lisboa - Instituto Superior Técnico (Tagus Park),Engenharia Informática e de Computadores
Universidade de Lisboa - Instituto Superior Técnico (Tagus Park),Engenharia Eletrónica
Universidade de Aveiro - Instituto Superior de Contabilidade e Administração de Aveiro,Marketing (regime pós-laboral)
Universidade de Aveiro - Instituto Superior de Contabilidade e Administração de Aveiro,Contabilidade (regime de ensino a distância)
Universidade de Aveiro - Instituto Superior de Contabilidade e Administração de Aveiro,Contabilidade
Universidade de Aveiro - Instituto Superior de Contabilidade e Administração de Aveiro,Finanças
Universidade de Aveiro - Instituto Superior de Contabilidade e Administração de Aveiro,Marketing
Universidade de Aveiro - Instituto Superior de Contabilidade e Administração de Aveiro,Contabilidade (regime pós-laboral)
Universidade de Aveiro - Instituto Superior de Contabilidade e Administração de Aveiro,Finanças (regime pós-laboral)
Universidade de Aveiro - Escola Superior de Tecnologia e Gestão de Águeda,Tecnologias da Informação
Universidade de Aveiro - Escola Superior de Tecnologia e Gestão de Águeda,Gestão da Qualidade
Universidade de Aveiro - Escola Superior de Tecnologia e Gestão de Águeda,Engenharia Eletrotécnica
Universidade de Aveiro - Escola Superior de Tecnologia e Gestão de Águeda,Secretariado e Comunicação Empresarial
Universidade de Aveiro - Escola Superior de Tecnologia e Gestão de Águeda,Gestão Pública e Autárquica
Universidade de Aveiro - Escola Superior de Tecnologia e Gestão de Águeda,Gestão Comercial
Universidade de Aveiro - Escola Superior de Saúde de Aveiro,Enfermagem
Universidade de Aveiro - Escola Superior de Saúde de Aveiro,Fisioterapia
Universidade de Aveiro - Escola Superior de Saúde de Aveiro,Terapia da Fala
Universidade de Aveiro - Escola Superior de Saúde de Aveiro,Imagem Médica e Radioterapia
"Universidade de Aveiro - Escola Superior de Design, Gestão e Tecnologia da Produção de Aveiro-Norte",Tecnologia e Sistemas de Produção
"Universidade de Aveiro - Escola Superior de Design, Gestão e Tecnologia da Produção de Aveiro-Norte",Design de Produto e Tecnologia
Instituto Politécnico de Beja - Escola Superior Agrária,Agronomia
Instituto Politécnico de Beja - Escola Superior Agrária,Engenharia do Ambiente
Instituto Politécnico de Beja - Escola Superior Agrária,Ciência e Tecnologia dos Alimentos
Instituto Politécnico de Beja - Escola Superior Agrária,Tecnologias Bioanalíticas
Instituto Politécnico de Beja - Escola Superior de Educação,Serviço Social
Instituto Politécnico de Beja - Escola Superior de Educação,Desporto
Instituto Politécnico de Beja - Escola Superior de Educação,Educação Básica
Instituto Politécnico de Beja - Escola Superior de Tecnologia e de Gestão,Solicitadoria (regime de ensino a distância)
Instituto Politécnico de Beja - Escola Superior de Tecnologia e de Gestão,Engenharia Informática
Instituto Politécnico de Beja - Escola Superior de Tecnologia e de Gestão,Gestão de Empresas
Instituto Politécnico de Beja - Escola Superior de Tecnologia e de Gestão,Solicitadoria
Instituto Politécnico de Beja - Escola Superior de Tecnologia e de Gestão,Turismo
Instituto Politécnico de Beja - Escola Superior de Tecnologia e de Gestão,Gestão de Empresas (regime pós-laboral)
Instituto Politécnico do Cávado e do Ave - Escola Superior de Gestão,Solicitadoria (regime pós-laboral)
Instituto Politécnico do Cávado e do Ave - Escola Superior de Gestão,Gestão Pública (regime de ensino a distância)
Instituto Politécnico do Cávado e do Ave - Escola Superior de Gestão,Contabilidade
Instituto Politécnico do Cávado e do Ave - Escola Superior de Gestão,Finanças
Instituto Politécnico do Cávado e do Ave - Escola Superior de Gestão,Gestão de Empresas
Instituto Politécnico do Cávado e do Ave - Escola Superior de Gestão,Solicitadoria
Instituto Politécnico do Cávado e do Ave - Escola Superior de Gestão,Fiscalidade
Instituto Politécnico do Cávado e do Ave - Escola Superior de Gestão,Contabilidade (regime pós-laboral)
Instituto Politécnico do Cávado e do Ave - Escola Superior de Gestão,Fiscalidade (regime pós-laboral)
Instituto Politécnico do Cávado e do Ave - Escola Superior de Gestão,Gestão de Empresas (regime pós-laboral)
Instituto Politécnico do Cávado e do Ave - Escola Superior de Gestão,Gestão Pública
Instituto Politécnico do Cávado e do Ave - Escola Superior de Tecnologia,Engenharia em Desenvolvimento de Jogos Digitais
Instituto Politécnico do Cávado e do Ave - Escola Superior de Tecnologia,Engenharia de Sistemas Informáticos
Instituto Politécnico do Cávado e do Ave - Escola Superior de Tecnologia,Engenharia de Sistemas Informáticos (regime pós-laboral)
Instituto Politécnico do Cávado e do Ave - Escola Superior de Tecnologia,Informática Médica
Instituto Politécnico do Cávado e do Ave - Escola Superior de Tecnologia,Engenharia Eletrotécnica e de Computadores
Instituto Politécnico do Cávado e do Ave - Escola Superior de Design,Design Industrial
Instituto Politécnico do Cávado e do Ave - Escola Superior de Design,Design Gráfico
Instituto Politécnico do Cávado e do Ave - Escola Superior de Design,Design Gráfico (regime pós-laboral)
Instituto Politécnico do Cávado e do Ave - Escola Superior de Hotelaria e Turismo,Gestão de Atividades Turísticas
Instituto Politécnico do Cávado e do Ave - Escola Superior de Hotelaria e Turismo,Gestão de Atividades Turísticas (regime pós-laboral)
Instituto Politécnico de Bragança - Escola Superior Agrária de Bragança,Fitofarmácia e Plantas Aromáticas e Medicinais
Instituto Politécnico de Bragança - Escola Superior Agrária de Bragança,Enfermagem Veterinária
Instituto Politécnico de Bragança - Escola Superior Agrária de Bragança,Engenharia Agronómica
Instituto Politécnico de Bragança - Escola Superior Agrária de Bragança,Engenharia Alimentar
Instituto Politécnico de Bragança - Escola Superior Agrária de Bragança,Engenharia do Ambiente
Instituto Politécnico de Bragança - Escola Superior Agrária de Bragança,Engenharia Zootécnica
Instituto Politécnico de Bragança - Escola Superior Agrária de Bragança,Biologia e Biotecnologia
Instituto Politécnico de Bragança - Escola Superior de Educação de Bragança,Línguas Estrangeiras: Inglês e Espanhol
Instituto Politécnico de Bragança - Escola Superior de Educação de Bragança,Línguas para Relações Internacionais
Instituto Politécnico de Bragança - Escola Superior de Educação de Bragança,Educação Ambiental
Instituto Politécnico de Bragança - Escola Superior de Educação de Bragança,Educação Social
Instituto Politécnico de Bragança - Escola Superior de Educação de Bragança,Música
Instituto Politécnico de Bragança - Escola Superior de Educação de Bragança,Desporto
Instituto Politécnico de Bragança - Escola Superior de Educação de Bragança,Educação Básica
Instituto Politécnico de Bragança - Escola Superior de Educação de Bragança,Arte e Design
Instituto Politécnico de Bragança - Escola Superior de Educação de Bragança,Animação e Produção Artística
Instituto Politécnico de Bragança - Escola Superior de Educação de Bragança,Relações Lusófonas e Língua Portuguesa
Instituto Politécnico de Bragança - Escola Superior de Tecnologia e de Gestão de Bragança,Contabilidade
Instituto Politécnico de Bragança - Escola Superior de Tecnologia e de Gestão de Bragança,Engenharia Civil
Instituto Politécnico de Bragança - Escola Superior de Tecnologia e de Gestão de Bragança,Engenharia Eletrotécnica e de Computadores
Instituto Politécnico de Bragança - Escola Superior de Tecnologia e de Gestão de Bragança,Engenharia Informática
Instituto Politécnico de Bragança - Escola Superior de Tecnologia e de Gestão de Bragança,Engenharia Mecânica
Instituto Politécnico de Bragança - Escola Superior de Tecnologia e de Gestão de Bragança,Engenharia Química
Instituto Politécnico de Bragança - Escola Superior de Tecnologia e de Gestão de Bragança,Gestão
Instituto Politécnico de Bragança - Escola Superior de Tecnologia e de Gestão de Bragança,Informática de Gestão
Instituto Politécnico de Bragança - Escola Superior de Tecnologia e de Gestão de Bragança,Engenharia de Energias Renováveis
Instituto Politécnico de Bragança - Escola Superior de Tecnologia e de Gestão de Bragança,Gestão (regime pós-laboral)
Instituto Politécnico de Bragança - Escola Superior de Tecnologia e de Gestão de Bragança,"Gestão de Negócios Internacionais (Curso Europeu, ensino em Inglês)"
Instituto Politécnico de Bragança - Escola Superior de Tecnologia e de Gestão de Bragança,Tecnologia e Gestão Industrial
Instituto Politécnico de Bragança - Escola Superior de Tecnologia e de Gestão de Bragança,Tecnologia Biomédica
"Instituto Politécnico de Bragança - Escola Superior de Comunicação, Administração e Turismo de Mirandela",Design de Jogos Digitais
"Instituto Politécnico de Bragança - Escola Superior de Comunicação, Administração e Turismo de Mirandela",Gestão e Administração Pública
"Instituto Politécnico de Bragança - Escola Superior de Comunicação, Administração e Turismo de Mirandela",Informática e Comunicações
"Instituto Politécnico de Bragança - Escola Superior de Comunicação, Administração e Turismo de Mirandela",Marketing
"Instituto Politécnico de Bragança - Escola Superior de Comunicação, Administração e Turismo de Mirandela",Multimédia
"Instituto Politécnico de Bragança - Escola Superior de Comunicação, Administração e Turismo de Mirandela",Solicitadoria
"Instituto Politécnico de Bragança - Escola Superior de Comunicação, Administração e Turismo de Mirandela",Tecnologias da Comunicação
"Instituto Politécnico de Bragança - Escola Superior de Comunicação, Administração e Turismo de Mirandela",Turismo
Instituto Politécnico de Castelo Branco - Escola Superior Agrária de Castelo Branco,Engenharia de Proteção Civil
Instituto Politécnico de Castelo Branco - Escola Superior Agrária de Castelo Branco,Agronomia
Instituto Politécnico de Castelo Branco - Escola Superior Agrária de Castelo Branco,Enfermagem Veterinária
Instituto Politécnico de Castelo Branco - Escola Superior Agrária de Castelo Branco,Biotecnologia Alimentar
Instituto Politécnico de Castelo Branco - Escola Superior Agrária de Castelo Branco,Produção de Alimentos e Nutrição Humana
Instituto Politécnico de Castelo Branco - Escola Superior de Educação de Castelo Branco,Serviço Social
Instituto Politécnico de Castelo Branco - Escola Superior de Educação de Castelo Branco,Secretariado
Instituto Politécnico de Castelo Branco - Escola Superior de Educação de Castelo Branco,Desporto e Atividade Física
Instituto Politécnico de Castelo Branco - Escola Superior de Educação de Castelo Branco,Educação Básica
Instituto Politécnico de Castelo Branco - Escola Superior de Tecnologia de Castelo Branco,Engenharia das Energias Renováveis
Instituto Politécnico de Castelo Branco - Escola Superior de Tecnologia de Castelo Branco,Engenharia Civil
Instituto Politécnico de Castelo Branco - Escola Superior de Tecnologia de Castelo Branco,Engenharia Eletrotécnica e das Telecomunicações
Instituto Politécnico de Castelo Branco - Escola Superior de Tecnologia de Castelo Branco,Engenharia Industrial
Instituto Politécnico de Castelo Branco - Escola Superior de Tecnologia de Castelo Branco,Engenharia Informática
Instituto Politécnico de Castelo Branco - Escola Superior de Tecnologia de Castelo Branco,Tecnologias da Informação e Multimédia
Instituto Politécnico de Castelo Branco - Escola Superior de Gestão de Idanha-a-Nova,Contabilidade e Gestão Financeira
Instituto Politécnico de Castelo Branco - Escola Superior de Gestão de Idanha-a-Nova,Gestão Hoteleira
Instituto Politécnico de Castelo Branco - Escola Superior de Gestão de Idanha-a-Nova,Gestão Turística
Instituto Politécnico de Castelo Branco - Escola Superior de Gestão de Idanha-a-Nova,Solicitadoria
Instituto Politécnico de Castelo Branco - Escola Superior de Gestão de Idanha-a-Nova,Gestão Comercial
Instituto Politécnico de Castelo Branco - Escola Superior de Artes Aplicadas,Design de Interiores e Equipamento
Instituto Politécnico de Castelo Branco - Escola Superior de Artes Aplicadas,Design de Moda e Têxtil
Instituto Politécnico de Castelo Branco - Escola Superior de Artes Aplicadas,Design de Comunicação e Audiovisual
Instituto Politécnico de Coimbra - Escola Superior Agrária de Coimbra,Biotecnologia
Instituto Politécnico de Coimbra - Escola Superior Agrária de Coimbra,Engenharia Agro-Pecuária
Instituto Politécnico de Coimbra - Escola Superior Agrária de Coimbra,Agricultura Biológica
Instituto Politécnico de Coimbra - Escola Superior Agrária de Coimbra,Ciências Florestais e Recursos Naturais
Instituto Politécnico de Coimbra - Escola Superior Agrária de Coimbra,Tecnologia Alimentar
Instituto Politécnico de Coimbra - Escola Superior Agrária de Coimbra,Tecnologia e Gestão Ambiental
Instituto Politécnico de Coimbra - Escola Superior Agrária de Coimbra,Biodiversidade e Conservação da Natureza
Instituto Politécnico de Coimbra - Escola Superior de Educação de Coimbra,Animação Socioeducativa (regime pós-laboral)
Instituto Politécnico de Coimbra - Escola Superior de Educação de Coimbra,Turismo (regime pós-laboral)
Instituto Politécnico de Coimbra - Escola Superior de Educação de Coimbra,Comunicação Organizacional (regime pós-laboral)
Instituto Politécnico de Coimbra - Escola Superior de Educação de Coimbra,Comunicação Social
Instituto Politécnico de Coimbra - Escola Superior de Educação de Coimbra,Turismo
Instituto Politécnico de Coimbra - Escola Superior de Educação de Coimbra,Gerontologia Social
Instituto Politécnico de Coimbra - Escola Superior de Educação de Coimbra,Animação Socioeducativa
Instituto Politécnico de Coimbra - Escola Superior de Educação de Coimbra,Comunicação Organizacional
Instituto Politécnico de Coimbra - Escola Superior de Educação de Coimbra,Desporto e Lazer
Instituto Politécnico de Coimbra - Escola Superior de Educação de Coimbra,Língua Gestual Portuguesa
Instituto Politécnico de Coimbra - Escola Superior de Educação de Coimbra,Educação Básica
Instituto Politécnico de Coimbra - Escola Superior de Educação de Coimbra,Comunicação e Design Multimédia
Instituto Politécnico de Coimbra - Escola Superior de Educação de Coimbra,Arte e Design
Instituto Politécnico de Coimbra - Escola Superior de Educação de Coimbra,Gastronomia
Instituto Politécnico de Coimbra - Escola Superior de Educação de Coimbra,Estudos Musicais Aplicados
Instituto Politécnico de Coimbra - Instituto Superior de Contabilidade e Administração de Coimbra,Secretariado de Direção e Administração
Instituto Politécnico de Coimbra - Instituto Superior de Contabilidade e Administração de Coimbra,Contabilidade e Auditoria
Instituto Politécnico de Coimbra - Instituto Superior de Contabilidade e Administração de Coimbra,Gestão de Empresas
Instituto Politécnico de Coimbra - Instituto Superior de Contabilidade e Administração de Coimbra,Informática de Gestão
Instituto Politécnico de Coimbra - Instituto Superior de Contabilidade e Administração de Coimbra,Contabilidade e Gestão Pública
Instituto Politécnico de Coimbra - Instituto Superior de Contabilidade e Administração de Coimbra,Solicitadoria e Administração
Instituto Politécnico de Coimbra - Instituto Superior de Contabilidade e Administração de Coimbra,Marketing e Negócios Internacionais
Instituto Politécnico de Coimbra - Instituto Superior de Contabilidade e Administração de Coimbra,Comércio e Relações Económicas Internacionais
Instituto Politécnico de Coimbra - Instituto Superior de Engenharia de Coimbra,Engenharia Civil
Instituto Politécnico de Coimbra - Instituto Superior de Engenharia de Coimbra,Engenharia e Gestão Industrial
Instituto Politécnico de Coimbra - Instituto Superior de Engenharia de Coimbra,Engenharia Eletromecânica
Instituto Politécnico de Coimbra - Instituto Superior de Engenharia de Coimbra,Engenharia Eletrotécnica
Instituto Politécnico de Coimbra - Instituto Superior de Engenharia de Coimbra,Engenharia Informática
Instituto Politécnico de Coimbra - Instituto Superior de Engenharia de Coimbra,Engenharia Mecânica
Instituto Politécnico de Coimbra - Instituto Superior de Engenharia de Coimbra,Bioengenharia
Instituto Politécnico de Coimbra - Instituto Superior de Engenharia de Coimbra,Engenharia Informática (Curso Europeu)
Instituto Politécnico de Coimbra - Instituto Superior de Engenharia de Coimbra,Engenharia Eletrotécnica (regime pós-laboral)
Instituto Politécnico de Coimbra - Instituto Superior de Engenharia de Coimbra,Engenharia Informática (regime pós-laboral)
Instituto Politécnico de Coimbra - Instituto Superior de Engenharia de Coimbra,Engenharia Biomédica - Bioeletrónica
Instituto Politécnico de Coimbra - Escola Superior de Tecnologia e Gestão de Oliveira do Hospital,Engenharia de Segurança do Trabalho
Instituto Politécnico de Coimbra - Escola Superior de Tecnologia e Gestão de Oliveira do Hospital,Contabilidade e Administração
Instituto Politécnico de Coimbra - Escola Superior de Tecnologia e Gestão de Oliveira do Hospital,Engenharia Informática
Instituto Politécnico de Coimbra - Escola Superior de Tecnologia e Gestão de Oliveira do Hospital,Gestão
Instituto Politécnico de Coimbra - Escola Superior de Tecnologia e Gestão de Oliveira do Hospital,Administração e Marketing
Instituto Politécnico de Coimbra - Escola Superior de Tecnologia e Gestão de Oliveira do Hospital,Desenvolvimento Regional e Ordenamento do Território
Instituto Politécnico de Coimbra - Escola Superior de Tecnologia e Gestão de Oliveira do Hospital,Gestão de Bioindústrias
Universidade do Algarve - Escola Superior de Educação e Comunicação,Imagem Animada
Universidade do Algarve - Escola Superior de Educação e Comunicação,Ciências da Comunicação
Universidade do Algarve - Escola Superior de Educação e Comunicação,Design de Comunicação
Universidade do Algarve - Escola Superior de Educação e Comunicação,Educação Social
Universidade do Algarve - Escola Superior de Educação e Comunicação,Desporto
Universidade do Algarve - Escola Superior de Educação e Comunicação,Educação Básica
"Universidade do Algarve - Escola Superior de Gestão, Hotelaria e Turismo",Gestão
"Universidade do Algarve - Escola Superior de Gestão, Hotelaria e Turismo",Gestão (regime noturno)
"Universidade do Algarve - Escola Superior de Gestão, Hotelaria e Turismo",Gestão Hoteleira
"Universidade do Algarve - Escola Superior de Gestão, Hotelaria e Turismo",Marketing
"Universidade do Algarve - Escola Superior de Gestão, Hotelaria e Turismo",Turismo
Universidade do Algarve - Instituto Superior de Engenharia,Engenharia Civil
Universidade do Algarve - Instituto Superior de Engenharia,Engenharia Mecânica
Universidade do Algarve - Instituto Superior de Engenharia,Engenharia Elétrica e Eletrónica
Universidade do Algarve - Instituto Superior de Engenharia,Tecnologia e Segurança Alimentar
"Universidade do Algarve - Escola Superior de Gestão, Hotelaria e Turismo (Portimão)",Gestão
"Universidade do Algarve - Escola Superior de Gestão, Hotelaria e Turismo (Portimão)",Gestão (regime noturno)
"Universidade do Algarve - Escola Superior de Gestão, Hotelaria e Turismo (Portimão)",Turismo
"Instituto Politécnico da Guarda - Escola Superior de Educação, Comunicação e Desporto",Comunicação Multimédia
"Instituto Politécnico da Guarda - Escola Superior de Educação, Comunicação e Desporto",Animação Sociocultural
"Instituto Politécnico da Guarda - Escola Superior de Educação, Comunicação e Desporto",Desporto
"Instituto Politécnico da Guarda - Escola Superior de Educação, Comunicação e Desporto",Comunicação e Relações Públicas
"Instituto Politécnico da Guarda - Escola Superior de Educação, Comunicação e Desporto",Educação Básica
Instituto Politécnico da Guarda - Escola Superior de Tecnologia e Gestão,Contabilidade
Instituto Politécnico da Guarda - Escola Superior de Tecnologia e Gestão,Design de Equipamento
Instituto Politécnico da Guarda - Escola Superior de Tecnologia e Gestão,Engenharia Civil
Instituto Politécnico da Guarda - Escola Superior de Tecnologia e Gestão,Engenharia Informática
Instituto Politécnico da Guarda - Escola Superior de Tecnologia e Gestão,Engenharia Topográfica
Instituto Politécnico da Guarda - Escola Superior de Tecnologia e Gestão,Gestão
Instituto Politécnico da Guarda - Escola Superior de Tecnologia e Gestão,Gestão de Recursos Humanos
Instituto Politécnico da Guarda - Escola Superior de Tecnologia e Gestão,Marketing
Instituto Politécnico da Guarda - Escola Superior de Tecnologia e Gestão,Energia e Ambiente
Instituto Politécnico da Guarda - Escola Superior de Turismo e Hotelaria,Gestão Hoteleira
Instituto Politécnico da Guarda - Escola Superior de Turismo e Hotelaria,Turismo e Lazer
Instituto Politécnico da Guarda - Escola Superior de Turismo e Hotelaria,Restauração e Catering
Instituto Politécnico de Leiria - Escola Superior de Educação e Ciências Sociais,Serviço Social (regime pós-laboral)
Instituto Politécnico de Leiria - Escola Superior de Educação e Ciências Sociais,Desporto e Bem-Estar (regime pós-laboral)
Instituto Politécnico de Leiria - Escola Superior de Educação e Ciências Sociais,Relações Humanas e Comunicação Organizacional (reg. de ensino a distância)
Instituto Politécnico de Leiria - Escola Superior de Educação e Ciências Sociais,Educação Social
Instituto Politécnico de Leiria - Escola Superior de Educação e Ciências Sociais,Serviço Social
Instituto Politécnico de Leiria - Escola Superior de Educação e Ciências Sociais,Tradução e Interpretação: Português/Chinês - Chinês/Português
Instituto Politécnico de Leiria - Escola Superior de Educação e Ciências Sociais,Relações Humanas e Comunicação Organizacional
Instituto Politécnico de Leiria - Escola Superior de Educação e Ciências Sociais,Desporto e Bem-Estar
Instituto Politécnico de Leiria - Escola Superior de Educação e Ciências Sociais,Educação Básica
Instituto Politécnico de Leiria - Escola Superior de Educação e Ciências Sociais,Comunicação e Media
Instituto Politécnico de Leiria - Escola Superior de Tecnologia e Gestão,Solicitadoria (regime pós-laboral)
Instituto Politécnico de Leiria - Escola Superior de Tecnologia e Gestão,Administração Pública
Instituto Politécnico de Leiria - Escola Superior de Tecnologia e Gestão,Engenharia Civil
Instituto Politécnico de Leiria - Escola Superior de Tecnologia e Gestão,Engenharia e Gestão Industrial
Instituto Politécnico de Leiria - Escola Superior de Tecnologia e Gestão,Engenharia Eletrotécnica e de Computadores
Instituto Politécnico de Leiria - Escola Superior de Tecnologia e Gestão,Engenharia Informática
Instituto Politécnico de Leiria - Escola Superior de Tecnologia e Gestão,Engenharia Mecânica
Instituto Politécnico de Leiria - Escola Superior de Tecnologia e Gestão,Gestão
Instituto Politécnico de Leiria - Escola Superior de Tecnologia e Gestão,Marketing
Instituto Politécnico de Leiria - Escola Superior de Tecnologia e Gestão,Solicitadoria
Instituto Politécnico de Leiria - Escola Superior de Tecnologia e Gestão,Contabilidade e Finanças
Instituto Politécnico de Leiria - Escola Superior de Tecnologia e Gestão,Engenharia da Energia e do Ambiente
Instituto Politécnico de Leiria - Escola Superior de Tecnologia e Gestão,Biomecânica
Instituto Politécnico de Leiria - Escola Superior de Tecnologia e Gestão,Engenharia Automóvel
Instituto Politécnico de Leiria - Escola Superior de Tecnologia e Gestão,Contabilidade e Finanças (regime pós-laboral)
Instituto Politécnico de Leiria - Escola Superior de Tecnologia e Gestão,Engenharia Informática (regime pós-laboral)
Instituto Politécnico de Leiria - Escola Superior de Tecnologia e Gestão,Engenharia Mecânica (regime pós-laboral)
Instituto Politécnico de Leiria - Escola Superior de Tecnologia e Gestão,Gestão (regime pós-laboral)
Instituto Politécnico de Leiria - Escola Superior de Tecnologia e Gestão,Jogos Digitais e Multimédia
Instituto Politécnico de Leiria - Escola Superior de Tecnologia e Gestão,Engenharia Eletrotécnica e de Computadores (regime pós-laboral)
Instituto Politécnico de Leiria - Escola Superior de Artes e Design,Design Gráfico e Multimédia (regime pós-laboral)
Instituto Politécnico de Leiria - Escola Superior de Artes e Design,Design de Produto - Cerâmica e Vidro
Instituto Politécnico de Leiria - Escola Superior de Artes e Design,Artes Plásticas
Instituto Politécnico de Leiria - Escola Superior de Artes e Design,Design Industrial
Instituto Politécnico de Leiria - Escola Superior de Artes e Design,Teatro
Instituto Politécnico de Leiria - Escola Superior de Artes e Design,Som e Imagem
Instituto Politécnico de Leiria - Escola Superior de Artes e Design,Design de Ambientes
Instituto Politécnico de Leiria - Escola Superior de Artes e Design,Design Gráfico e Multimédia
Instituto Politécnico de Leiria - Escola Superior de Artes e Design,Programação e Produção Cultural
Instituto Politécnico de Leiria - Escola Superior de Turismo e Tecnologia do Mar,Gestão de Eventos
Instituto Politécnico de Leiria - Escola Superior de Turismo e Tecnologia do Mar,Biologia Marinha e Biotecnologia
Instituto Politécnico de Leiria - Escola Superior de Turismo e Tecnologia do Mar,Biotecnologia
Instituto Politécnico de Leiria - Escola Superior de Turismo e Tecnologia do Mar,Engenharia Alimentar
Instituto Politécnico de Leiria - Escola Superior de Turismo e Tecnologia do Mar,Gestão Turística e Hoteleira
Instituto Politécnico de Leiria - Escola Superior de Turismo e Tecnologia do Mar,Marketing Turístico
Instituto Politécnico de Leiria - Escola Superior de Turismo e Tecnologia do Mar,Turismo
Instituto Politécnico de Leiria - Escola Superior de Turismo e Tecnologia do Mar,Animação Turística
Instituto Politécnico de Leiria - Escola Superior de Turismo e Tecnologia do Mar,Gestão da Restauração e Catering
Instituto Politécnico de Lisboa - Escola Superior de Educação,Artes Visuais e Tecnologias
Instituto Politécnico de Lisboa - Escola Superior de Educação,Animação Sociocultural
Instituto Politécnico de Lisboa - Escola Superior de Educação,Educação Básica
Instituto Politécnico de Lisboa - Escola Superior de Educação,Educação Básica (regime pós-laboral)
Instituto Politécnico de Lisboa - Escola Superior de Educação,Mediação Artística e Cultural
Instituto Politécnico de Lisboa - Escola Superior de Comunicação Social,Relações Públicas e Comunicação Empresarial (regime pós-laboral)
Instituto Politécnico de Lisboa - Escola Superior de Comunicação Social,Publicidade e Marketing (regime pós-laboral)
Instituto Politécnico de Lisboa - Escola Superior de Comunicação Social,Audiovisual e Multimédia
Instituto Politécnico de Lisboa - Escola Superior de Comunicação Social,Jornalismo
Instituto Politécnico de Lisboa - Escola Superior de Comunicação Social,Publicidade e Marketing
Instituto Politécnico de Lisboa - Escola Superior de Comunicação Social,Relações Públicas e Comunicação Empresarial
Instituto Politécnico de Lisboa - Instituto Superior de Contabilidade e Administração de Lisboa,Solicitadoria (regime pós-laboral)
Instituto Politécnico de Lisboa - Instituto Superior de Contabilidade e Administração de Lisboa,Contabilidade e Administração
Instituto Politécnico de Lisboa - Instituto Superior de Contabilidade e Administração de Lisboa,Gestão
Instituto Politécnico de Lisboa - Instituto Superior de Contabilidade e Administração de Lisboa,Solicitadoria
Instituto Politécnico de Lisboa - Instituto Superior de Contabilidade e Administração de Lisboa,Finanças Empresariais
Instituto Politécnico de Lisboa - Instituto Superior de Contabilidade e Administração de Lisboa,Contabilidade e Administração (regime pós-laboral)
Instituto Politécnico de Lisboa - Instituto Superior de Contabilidade e Administração de Lisboa,Finanças Empresariais (regime pós-laboral)
Instituto Politécnico de Lisboa - Instituto Superior de Contabilidade e Administração de Lisboa,Gestão (regime pós-laboral)
Instituto Politécnico de Lisboa - Instituto Superior de Contabilidade e Administração de Lisboa,Comércio e Negócios Internacionais (regime pós-laboral)
Instituto Politécnico de Lisboa - Instituto Superior de Engenharia de Lisboa,Engenharia Civil
Instituto Politécnico de Lisboa - Instituto Superior de Engenharia de Lisboa,Engenharia Eletrónica e Telecomunicações e de Computadores
Instituto Politécnico de Lisboa - Instituto Superior de Engenharia de Lisboa,Engenharia Eletrotécnica
Instituto Politécnico de Lisboa - Instituto Superior de Engenharia de Lisboa,Engenharia Informática e de Computadores
Instituto Politécnico de Lisboa - Instituto Superior de Engenharia de Lisboa,Engenharia Mecânica
Instituto Politécnico de Lisboa - Instituto Superior de Engenharia de Lisboa,Engenharia Química e Biológica
Instituto Politécnico de Lisboa - Instituto Superior de Engenharia de Lisboa,Engenharia Informática e Multimédia
Instituto Politécnico de Lisboa - Instituto Superior de Engenharia de Lisboa,Tecnologias e Gestão Municipal
Instituto Politécnico de Lisboa - Instituto Superior de Engenharia de Lisboa,Matemática Aplicada à Tecnologia e à Empresa
Instituto Politécnico de Lisboa - Instituto Superior de Engenharia de Lisboa,"Engenharia Informática, Redes e Telecomunicações"
Instituto Politécnico de Portalegre - Escola Superior de Educação e Ciências Sociais,Serviço Social (regime pós-laboral)
Instituto Politécnico de Portalegre - Escola Superior de Educação e Ciências Sociais,Serviço Social
Instituto Politécnico de Portalegre - Escola Superior de Educação e Ciências Sociais,Turismo
Instituto Politécnico de Portalegre - Escola Superior de Educação e Ciências Sociais,Jornalismo e Comunicação
Instituto Politécnico de Portalegre - Escola Superior de Educação e Ciências Sociais,Educação Básica
Instituto Politécnico de Portalegre - Escola Superior de Tecnologia e Gestão,Design de Comunicação
Instituto Politécnico de Portalegre - Escola Superior de Tecnologia e Gestão,Engenharia Informática
Instituto Politécnico de Portalegre - Escola Superior de Tecnologia e Gestão,Gestão
Instituto Politécnico de Portalegre - Escola Superior de Tecnologia e Gestão,Design e Animação Multimédia
Instituto Politécnico de Portalegre - Escola Superior de Tecnologia e Gestão,Administração de Publicidade e Marketing
Instituto Politécnico de Portalegre - Escola Superior de Tecnologia e Gestão,Gestão (regime pós-laboral)
Instituto Politécnico de Portalegre - Escola Superior de Tecnologia e Gestão,Tecnologias de Produção de Biocombustíveis
Instituto Politécnico de Portalegre - Escola Superior Agrária de Elvas,Agronomia
Instituto Politécnico de Portalegre - Escola Superior Agrária de Elvas,Enfermagem Veterinária
Instituto Politécnico de Portalegre - Escola Superior Agrária de Elvas,Equinicultura
Instituto Politécnico do Porto - Escola Superior de Educação,Línguas e Culturas Estrangeiras
Instituto Politécnico do Porto - Escola Superior de Educação,Gestão do Património (regime pós-laboral)
Instituto Politécnico do Porto - Escola Superior de Educação,Artes Visuais e Tecnologias Artísticas
Instituto Politécnico do Porto - Escola Superior de Educação,Educação Social
Instituto Politécnico do Porto - Escola Superior de Educação,Ciências do Desporto
Instituto Politécnico do Porto - Escola Superior de Educação,Gestão do Património
Instituto Politécnico do Porto - Escola Superior de Educação,Tradução e Interpretação em Língua Gestual Portuguesa
Instituto Politécnico do Porto - Escola Superior de Educação,Educação Básica
Instituto Politécnico do Porto - Escola Superior de Educação,Educação Musical
Instituto Politécnico do Porto - Escola Superior de Educação,Educação Social (regime pós-laboral)
Instituto Politécnico do Porto - Instituto Superior de Contabilidade e Administração do Porto,Marketing (regime pós-laboral)
Instituto Politécnico do Porto - Instituto Superior de Contabilidade e Administração do Porto,Assessoria e Tradução
Instituto Politécnico do Porto - Instituto Superior de Contabilidade e Administração do Porto,Ciências e Tecnologias da Documentação e Informação
Instituto Politécnico do Porto - Instituto Superior de Contabilidade e Administração do Porto,Comunicação Empresarial
Instituto Politécnico do Porto - Instituto Superior de Contabilidade e Administração do Porto,Contabilidade e Administração
Instituto Politécnico do Porto - Instituto Superior de Contabilidade e Administração do Porto,Marketing
Instituto Politécnico do Porto - Instituto Superior de Contabilidade e Administração do Porto,Recursos Humanos
Instituto Politécnico do Porto - Instituto Superior de Contabilidade e Administração do Porto,Comércio Internacional
Instituto Politécnico do Porto - Instituto Superior de Contabilidade e Administração do Porto,Assessoria e Tradução (regime pós-laboral)
Instituto Politécnico do Porto - Instituto Superior de Contabilidade e Administração do Porto,Comércio Internacional (regime pós-laboral)
Instituto Politécnico do Porto - Instituto Superior de Contabilidade e Administração do Porto,Comunicação Empresarial (regime pós-laboral)
Instituto Politécnico do Porto - Instituto Superior de Contabilidade e Administração do Porto,Contabilidade e Administração (regime pós-laboral)
Instituto Politécnico do Porto - Instituto Superior de Contabilidade e Administração do Porto,Criatividade e Inovação Empresarial
Instituto Politécnico do Porto - Instituto Superior de Engenharia do Porto,Engenharia de Sistemas
Instituto Politécnico do Porto - Instituto Superior de Engenharia do Porto,Engenharia Civil
Instituto Politécnico do Porto - Instituto Superior de Engenharia do Porto,Engenharia e Gestão Industrial
Instituto Politécnico do Porto - Instituto Superior de Engenharia do Porto,Engenharia Eletrotécnica - Sistemas Elétricos de Energia
Instituto Politécnico do Porto - Instituto Superior de Engenharia do Porto,Engenharia Eletrotécnica e de Computadores
Instituto Politécnico do Porto - Instituto Superior de Engenharia do Porto,Engenharia Geotécnica e Geoambiente
Instituto Politécnico do Porto - Instituto Superior de Engenharia do Porto,Engenharia Informática
Instituto Politécnico do Porto - Instituto Superior de Engenharia do Porto,Engenharia Mecânica
Instituto Politécnico do Porto - Instituto Superior de Engenharia do Porto,Engenharia Química
Instituto Politécnico do Porto - Instituto Superior de Engenharia do Porto,Engenharia Biomédica
Instituto Politécnico do Porto - Instituto Superior de Engenharia do Porto,Engenharia Mecânica Automóvel
Instituto Politécnico do Porto - Instituto Superior de Engenharia do Porto,Biorrecursos
Instituto Politécnico do Porto - Escola Superior de Tecnologia e Gestão,Solicitadoria (regime pós-laboral)
Instituto Politécnico do Porto - Escola Superior de Tecnologia e Gestão,Ciências Empresariais (regime pós-laboral)
Instituto Politécnico do Porto - Escola Superior de Tecnologia e Gestão,Sistemas de Informação para a Gestão
Instituto Politécnico do Porto - Escola Superior de Tecnologia e Gestão,Segurança Informática em Redes de Computadores
Instituto Politécnico do Porto - Escola Superior de Tecnologia e Gestão,Ciências Empresariais
Instituto Politécnico do Porto - Escola Superior de Tecnologia e Gestão,Engenharia Informática
Instituto Politécnico do Porto - Escola Superior de Tecnologia e Gestão,Solicitadoria
Instituto Politécnico do Porto - Escola Superior de Tecnologia e Gestão,Tecnologias da Madeira
Instituto Politécnico do Porto - Escola Superior de Tecnologia e Gestão,Segurança do Trabalho e Ambiente
Instituto Politécnico do Porto - Escola Superior de Hotelaria e Turismo,Gestão das Atividades Turísticas (regime pós-laboral)
Instituto Politécnico do Porto - Escola Superior de Hotelaria e Turismo,Gestão e Administração Hoteleira
Instituto Politécnico do Porto - Escola Superior de Hotelaria e Turismo,Gestão das Atividades Turísticas
Instituto Politécnico do Porto - Escola Superior de Hotelaria e Turismo,Gestão da Restauração e Catering
Instituto Politécnico de Santarém - Escola Superior Agrária de Santarém,Agronomia (regime pós-laboral)
Instituto Politécnico de Santarém - Escola Superior Agrária de Santarém,Agronomia
Instituto Politécnico de Santarém - Escola Superior Agrária de Santarém,Produção Animal
Instituto Politécnico de Santarém - Escola Superior Agrária de Santarém,Tecnologia Alimentar
Instituto Politécnico de Santarém - Escola Superior Agrária de Santarém,Qualidade Alimentar e Nutrição Humana
Instituto Politécnico de Santarém - Escola Superior Agrária de Santarém,Tecnologia Alimentar (regime pós-laboral)
Instituto Politécnico de Santarém - Escola Superior de Educação de Santarém,Educação Social
Instituto Politécnico de Santarém - Escola Superior de Educação de Santarém,Educação Básica
Instituto Politécnico de Santarém - Escola Superior de Educação de Santarém,Educação Social (regime pós-laboral)
Instituto Politécnico de Santarém - Escola Superior de Educação de Santarém,Educação Ambiental e Turismo de Natureza
Instituto Politécnico de Santarém - Escola Superior de Gestão e Tecnologia de Santarém,Gestão de Empresas
Instituto Politécnico de Santarém - Escola Superior de Gestão e Tecnologia de Santarém,Informática
Instituto Politécnico de Santarém - Escola Superior de Gestão e Tecnologia de Santarém,Marketing e Publicidade
Instituto Politécnico de Santarém - Escola Superior de Gestão e Tecnologia de Santarém,Contabilidade e Fiscalidade
Instituto Politécnico de Santarém - Escola Superior de Gestão e Tecnologia de Santarém,Negócios Internacionais
Instituto Politécnico de Santarém - Escola Superior de Gestão e Tecnologia de Santarém,Gestão de Empresas (regime pós-laboral)
Instituto Politécnico de Santarém - Escola Superior de Desporto de Rio Maior,Desporto de Natureza e Turismo Ativo
Instituto Politécnico de Santarém - Escola Superior de Desporto de Rio Maior,Gestão das Organizações Desportivas
Instituto Politécnico de Santarém - Escola Superior de Desporto de Rio Maior,Treino Desportivo
Instituto Politécnico de Santarém - Escola Superior de Desporto de Rio Maior,Atividade Física e Estilos de Vida Saudáveis (ensino em Inglês)
Instituto Politécnico de Santarém - Escola Superior de Desporto de Rio Maior,Atividade Física e Estilos de Vida Saudáveis
Instituto Politécnico de Santarém - Escola Superior de Desporto de Rio Maior,"Desporto, Condição Física e Saúde"
Instituto Politécnico de Setúbal - Escola Superior de Educação,Comunicação Social
Instituto Politécnico de Setúbal - Escola Superior de Educação,Desporto
Instituto Politécnico de Setúbal - Escola Superior de Educação,Animação e Intervenção Sociocultural
Instituto Politécnico de Setúbal - Escola Superior de Educação,Tradução e Interpretação de Língua Gestual Portuguesa
Instituto Politécnico de Setúbal - Escola Superior de Educação,Educação Básica
Instituto Politécnico de Setúbal - Escola Superior de Tecnologia de Setúbal,Tecnologias de Energia
Instituto Politécnico de Setúbal - Escola Superior de Tecnologia de Setúbal,"Engenharia de Automação, Controlo e Instrumentação"
Instituto Politécnico de Setúbal - Escola Superior de Tecnologia de Setúbal,Engenharia Eletrotécnica e de Computadores
Instituto Politécnico de Setúbal - Escola Superior de Tecnologia de Setúbal,Engenharia Informática
Instituto Politécnico de Setúbal - Escola Superior de Tecnologia de Setúbal,Engenharia Mecânica
Instituto Politécnico de Setúbal - Escola Superior de Tecnologia de Setúbal,Tecnologia e Gestão Industrial (regime noturno)
Instituto Politécnico de Setúbal - Escola Superior de Tecnologia de Setúbal,Tecnologia Biomédica
Instituto Politécnico de Setúbal - Escola Superior de Tecnologia de Setúbal,Tecnologias do Ambiente e do Mar
Instituto Politécnico de Setúbal - Escola Superior de Ciências Empresariais,Gestão de Recursos Humanos (regime pós-laboral)
Instituto Politécnico de Setúbal - Escola Superior de Ciências Empresariais,Gestão de Recursos Humanos
Instituto Politécnico de Setúbal - Escola Superior de Ciências Empresariais,Marketing
Instituto Politécnico de Setúbal - Escola Superior de Ciências Empresariais,Contabilidade e Finanças
Instituto Politécnico de Setúbal - Escola Superior de Ciências Empresariais,Contabilidade e Finanças (regime noturno)
Instituto Politécnico de Setúbal - Escola Superior de Ciências Empresariais,Gestão da Distribuição e da Logística
Instituto Politécnico de Setúbal - Escola Superior de Ciências Empresariais,Gestão de Sistemas de Informação
Instituto Politécnico de Setúbal - Escola Superior de Ciências Empresariais,Gestão da Distribuição e da Logística (regime pós-laboral)
Instituto Politécnico de Setúbal - Escola Superior de Tecnologia do Barreiro,Biotecnologia
Instituto Politécnico de Setúbal - Escola Superior de Tecnologia do Barreiro,Engenharia Civil
Instituto Politécnico de Setúbal - Escola Superior de Tecnologia do Barreiro,Engenharia Civil (regime noturno)
Instituto Politécnico de Setúbal - Escola Superior de Tecnologia do Barreiro,Bioinformática
Instituto Politécnico de Setúbal - Escola Superior de Tecnologia do Barreiro,Tecnologias do Petróleo
Instituto Politécnico de Setúbal - Escola Superior de Saúde,Enfermagem
Instituto Politécnico de Setúbal - Escola Superior de Saúde,Fisioterapia
Instituto Politécnico de Setúbal - Escola Superior de Saúde,Terapia da Fala
Instituto Politécnico de Setúbal - Escola Superior de Saúde,Acupuntura
Instituto Politécnico de Viana do Castelo - Escola Superior Agrária,Ciências e Tecnologias do Ambiente
Instituto Politécnico de Viana do Castelo - Escola Superior Agrária,Agronomia
Instituto Politécnico de Viana do Castelo - Escola Superior Agrária,Biotecnologia
Instituto Politécnico de Viana do Castelo - Escola Superior Agrária,Enfermagem Veterinária
Instituto Politécnico de Viana do Castelo - Escola Superior de Educação,Educação Social Gerontológica
Instituto Politécnico de Viana do Castelo - Escola Superior de Educação,Educação Básica
Instituto Politécnico de Viana do Castelo - Escola Superior de Educação,Artes Plásticas e Tecnologias Artísticas
Instituto Politécnico de Viana do Castelo - Escola Superior de Tecnologia e Gestão,Turismo (regime pós-laboral)
Instituto Politécnico de Viana do Castelo - Escola Superior de Tecnologia e Gestão,Engenharia da Computação Gráfica e Multimédia
Instituto Politécnico de Viana do Castelo - Escola Superior de Tecnologia e Gestão,Engenharia Alimentar
Instituto Politécnico de Viana do Castelo - Escola Superior de Tecnologia e Gestão,Engenharia Informática
Instituto Politécnico de Viana do Castelo - Escola Superior de Tecnologia e Gestão,Engenharia Mecânica
Instituto Politécnico de Viana do Castelo - Escola Superior de Tecnologia e Gestão,Gestão
Instituto Politécnico de Viana do Castelo - Escola Superior de Tecnologia e Gestão,Gestão (regime noturno)
Instituto Politécnico de Viana do Castelo - Escola Superior de Tecnologia e Gestão,Turismo
Instituto Politécnico de Viana do Castelo - Escola Superior de Tecnologia e Gestão,Design de Ambientes
Instituto Politécnico de Viana do Castelo - Escola Superior de Tecnologia e Gestão,Design do Produto
Instituto Politécnico de Viana do Castelo - Escola Superior de Tecnologia e Gestão,Engenharia Civil e do Ambiente
Instituto Politécnico de Viana do Castelo - Escola Superior de Tecnologia e Gestão,Engenharia Mecatrónica
Instituto Politécnico de Viana do Castelo - Escola Superior de Tecnologia e Gestão,Engenharia de Sistemas de Energias Renováveis
Instituto Politécnico de Viana do Castelo - Escola Superior de Tecnologia e Gestão,Engenharia de Redes e Sistemas de Computadores
Instituto Politécnico de Viana do Castelo - Escola Superior de Ciências Empresariais,Gestão da Distribuição e Logística
Instituto Politécnico de Viana do Castelo - Escola Superior de Ciências Empresariais,Organização e Gestão Empresariais
Instituto Politécnico de Viana do Castelo - Escola Superior de Ciências Empresariais,Contabilidade e Fiscalidade
Instituto Politécnico de Viana do Castelo - Escola Superior de Ciências Empresariais,Marketing e Comunicação Empresarial
Instituto Politécnico de Viana do Castelo - Escola Superior de Desporto e Lazer,Desporto e Lazer
Instituto Politécnico de Viseu - Escola Superior de Educação de Viseu,Comunicação Social
Instituto Politécnico de Viseu - Escola Superior de Educação de Viseu,Educação Social
Instituto Politécnico de Viseu - Escola Superior de Educação de Viseu,Artes Plásticas e Multimédia
Instituto Politécnico de Viseu - Escola Superior de Educação de Viseu,Desporto e Atividade Física
Instituto Politécnico de Viseu - Escola Superior de Educação de Viseu,Educação Básica
Instituto Politécnico de Viseu - Escola Superior de Educação de Viseu,Publicidade e Relações Públicas
Instituto Politécnico de Viseu - Escola Superior de Educação de Viseu,Artes da Performance Cultural
Instituto Politécnico de Viseu - Escola Superior de Tecnologia e Gestão de Viseu,Gestão Industrial
Instituto Politécnico de Viseu - Escola Superior de Tecnologia e Gestão de Viseu,Tecnologia e Design de Mobiliário
Instituto Politécnico de Viseu - Escola Superior de Tecnologia e Gestão de Viseu,Contabilidade
Instituto Politécnico de Viseu - Escola Superior de Tecnologia e Gestão de Viseu,Engenharia Civil
Instituto Politécnico de Viseu - Escola Superior de Tecnologia e Gestão de Viseu,Engenharia do Ambiente
Instituto Politécnico de Viseu - Escola Superior de Tecnologia e Gestão de Viseu,Engenharia Eletrotécnica
Instituto Politécnico de Viseu - Escola Superior de Tecnologia e Gestão de Viseu,Engenharia Informática
Instituto Politécnico de Viseu - Escola Superior de Tecnologia e Gestão de Viseu,Engenharia Mecânica
Instituto Politécnico de Viseu - Escola Superior de Tecnologia e Gestão de Viseu,Gestão de Empresas
Instituto Politécnico de Viseu - Escola Superior de Tecnologia e Gestão de Viseu,Marketing
Instituto Politécnico de Viseu - Escola Superior de Tecnologia e Gestão de Viseu,Turismo
Instituto Politécnico de Viseu - Escola Superior de Tecnologia e Gestão de Viseu,Tecnologias e Design de Multimédia
Instituto Politécnico de Viseu - Escola Superior de Tecnologia e Gestão de Viseu,Gestão de Empresas (regime pós-laboral)
Instituto Politécnico de Viseu - Escola Superior Agrária de Viseu,Enfermagem Veterinária
Instituto Politécnico de Viseu - Escola Superior Agrária de Viseu,Engenharia Agronómica
Instituto Politécnico de Viseu - Escola Superior Agrária de Viseu,Ciência e Tecnologia Animal
Instituto Politécnico de Viseu - Escola Superior Agrária de Viseu,Qualidade Alimentar e Nutrição
Instituto Politécnico de Viseu - Escola Superior de Tecnologia e Gestão de Lamego,Serviço Social (regime pós-laboral)
Instituto Politécnico de Viseu - Escola Superior de Tecnologia e Gestão de Lamego,Contabilidade e Auditoria
Instituto Politécnico de Viseu - Escola Superior de Tecnologia e Gestão de Lamego,Engenharia Informática e Telecomunicações
Instituto Politécnico de Viseu - Escola Superior de Tecnologia e Gestão de Lamego,Gestão e Informática
Instituto Politécnico de Viseu - Escola Superior de Tecnologia e Gestão de Lamego,"Gestão Turística, Cultural e Patrimonial"
Instituto Politécnico de Viseu - Escola Superior de Tecnologia e Gestão de Lamego,Serviço Social
Instituto Politécnico de Viseu - Escola Superior de Tecnologia e Gestão de Lamego,Secretariado de Administração
Instituto Politécnico de Tomar - Escola Superior de Gestão de Tomar,Contabilidade
Instituto Politécnico de Tomar - Escola Superior de Gestão de Tomar,Gestão de Empresas
Instituto Politécnico de Tomar - Escola Superior de Gestão de Tomar,Gestão de Recursos Humanos e Comportamento Organizacional
Instituto Politécnico de Tomar - Escola Superior de Gestão de Tomar,Gestão Turística e Cultural
Instituto Politécnico de Tomar - Escola Superior de Tecnologia de Tomar,Engenharia Eletrotécnica e de Computadores
Instituto Politécnico de Tomar - Escola Superior de Tecnologia de Tomar,Engenharia Informática
Instituto Politécnico de Tomar - Escola Superior de Tecnologia de Tomar,Engenharia Química e Bioquímica
Instituto Politécnico de Tomar - Escola Superior de Tecnologia de Tomar,Conservação e Restauro
Instituto Politécnico de Tomar - Escola Superior de Tecnologia de Tomar,Design e Tecnologia das Artes Gráficas
Instituto Politécnico de Tomar - Escola Superior de Tecnologia de Tomar,Fotografia
Instituto Politécnico de Tomar - Escola Superior de Tecnologia de Tomar,Construção e Reabilitação
Instituto Politécnico de Tomar - Escola Superior de Tecnologia de Abrantes,Comunicação Social
Instituto Politécnico de Tomar - Escola Superior de Tecnologia de Abrantes,Engenharia Mecânica
Instituto Politécnico de Tomar - Escola Superior de Tecnologia de Abrantes,Vídeo e Cinema Documental
Instituto Politécnico de Tomar - Escola Superior de Tecnologia de Abrantes,Informática e Tecnologias Multimédia
Instituto Politécnico do Porto - Escola Superior de Media Artes e Design,Design
Instituto Politécnico do Porto - Escola Superior de Media Artes e Design,Multimédia
Instituto Politécnico do Porto - Escola Superior de Media Artes e Design,Tecnologia da Comunicação Audiovisual
Instituto Politécnico do Porto - Escola Superior de Media Artes e Design,Tecnologias e Sistemas de Informação para a Web
Universidade do Porto - Faculdade de Belas-Artes,Artes Plásticas
Universidade do Porto - Faculdade de Belas-Artes,Design de Comunicação
ISCTE - Instituto Universitário de Lisboa,Serviço Social (regime pós-laboral)
ISCTE - Instituto Universitário de Lisboa,Finanças e Contabilidade
ISCTE - Instituto Universitário de Lisboa,Sociologia (regime pós-laboral)
ISCTE - Instituto Universitário de Lisboa,Informática e Gestão de Empresas (regime pós-laboral)
ISCTE - Instituto Universitário de Lisboa,Ciência Política
ISCTE - Instituto Universitário de Lisboa,Economia
ISCTE - Instituto Universitário de Lisboa,Engenharia de Telecomunicações e Informática
ISCTE - Instituto Universitário de Lisboa,Engenharia Informática
ISCTE - Instituto Universitário de Lisboa,Gestão
ISCTE - Instituto Universitário de Lisboa,Gestão de Marketing
ISCTE - Instituto Universitário de Lisboa,Gestão de Recursos Humanos
ISCTE - Instituto Universitário de Lisboa,Informática e Gestão de Empresas
ISCTE - Instituto Universitário de Lisboa,Psicologia
ISCTE - Instituto Universitário de Lisboa,Sociologia
ISCTE - Instituto Universitário de Lisboa,Arquitetura
ISCTE - Instituto Universitário de Lisboa,Antropologia
ISCTE - Instituto Universitário de Lisboa,Engenharia Informática (regime pós-laboral)
ISCTE - Instituto Universitário de Lisboa,História Moderna e Contemporânea
ISCTE - Instituto Universitário de Lisboa,Gestão Industrial e Logística
Escola Superior de Enfermagem de Coimbra,Enfermagem
Escola Superior de Enfermagem de Lisboa,Enfermagem
Escola Superior de Enfermagem do Porto,Enfermagem
Instituto Politécnico de Beja - Escola Superior de Saúde,Terapia Ocupacional
Instituto Politécnico de Beja - Escola Superior de Saúde,Enfermagem
Universidade do Minho - Escola Superior de Enfermagem,Enfermagem
Instituto Politécnico de Bragança - Escola Superior de Saúde de Bragança,Dietética e Nutrição
Instituto Politécnico de Bragança - Escola Superior de Saúde de Bragança,Enfermagem
Instituto Politécnico de Bragança - Escola Superior de Saúde de Bragança,Enfermagem (entrada no 2.º semestre)
Instituto Politécnico de Bragança - Escola Superior de Saúde de Bragança,Farmácia
Instituto Politécnico de Bragança - Escola Superior de Saúde de Bragança,Gerontologia
Instituto Politécnico de Bragança - Escola Superior de Saúde de Bragança,Ciências Biomédicas Laboratoriais
Instituto Politécnico de Castelo Branco - Escola Superior de Saúde Dr. Lopes Dias,Enfermagem
Instituto Politécnico de Castelo Branco - Escola Superior de Saúde Dr. Lopes Dias,Fisioterapia
Instituto Politécnico de Castelo Branco - Escola Superior de Saúde Dr. Lopes Dias,Imagem Médica e Radioterapia
Instituto Politécnico de Castelo Branco - Escola Superior de Saúde Dr. Lopes Dias,Fisiologia Clínica
Instituto Politécnico de Castelo Branco - Escola Superior de Saúde Dr. Lopes Dias,Ciências Biomédicas Laboratoriais
Universidade de Évora - Escola Superior de Enfermagem de São João de Deus,Enfermagem
Universidade do Algarve - Escola Superior de Saúde,Dietética e Nutrição
Universidade do Algarve - Escola Superior de Saúde,Ortoprotesia
Universidade do Algarve - Escola Superior de Saúde,Enfermagem
Universidade do Algarve - Escola Superior de Saúde,Farmácia
Universidade do Algarve - Escola Superior de Saúde,Imagem Médica e Radioterapia
Universidade do Algarve - Escola Superior de Saúde,Ciências Biomédicas Laboratoriais
Instituto Politécnico da Guarda - Escola Superior de Saúde da Guarda,Enfermagem
Instituto Politécnico da Guarda - Escola Superior de Saúde da Guarda,Farmácia
Instituto Politécnico de Leiria - Escola Superior de Saúde,Terapia Ocupacional
Instituto Politécnico de Leiria - Escola Superior de Saúde,Dietética e Nutrição
Instituto Politécnico de Leiria - Escola Superior de Saúde,Enfermagem
Instituto Politécnico de Leiria - Escola Superior de Saúde,Fisioterapia
Instituto Politécnico de Leiria - Escola Superior de Saúde,Terapia da Fala
Instituto Politécnico de Leiria - Escola Superior de Saúde,Ciências da Informação em Saúde
Instituto Politécnico de Portalegre - Escola Superior de Saúde,Enfermagem
Instituto Politécnico de Portalegre - Escola Superior de Saúde,Higiene Oral
Instituto Politécnico de Santarém - Escola Superior de Saúde de Santarém,Enfermagem
Instituto Politécnico de Viana do Castelo - Escola Superior de Saúde,Enfermagem
Universidade de Trás-os-Montes e Alto Douro - Escola Superior de Saúde,Enfermagem
Instituto Politécnico de Viseu - Escola Superior de Saúde de Viseu,Enfermagem
Universidade dos Açores - Escola Superior de Saúde - Angra do Heroísmo,Enfermagem
Universidade dos Açores - Escola Superior de Saúde - Ponta Delgada,Enfermagem
Escola Superior Náutica Infante D. Henrique,Engenharia de Máquinas Marítimas
Escola Superior Náutica Infante D. Henrique,Pilotagem
Escola Superior Náutica Infante D. Henrique,Gestão de Transportes e Logística
Escola Superior Náutica Infante D. Henrique,Gestão Portuária
Escola Superior Náutica Infante D. Henrique,Engenharia Eletrotécnica Marítima
Escola Superior de Hotelaria e Turismo do Estoril,Produção Alimentar em Restauração (regime pós-laboral)
Escola Superior de Hotelaria e Turismo do Estoril,Direção e Gestão Hoteleira
Escola Superior de Hotelaria e Turismo do Estoril,Gestão do Lazer e Animação Turística
Escola Superior de Hotelaria e Turismo do Estoril,Gestão Turística
Escola Superior de Hotelaria e Turismo do Estoril,Informação Turística
Escola Superior de Hotelaria e Turismo do Estoril,Produção Alimentar em Restauração
Escola Superior de Hotelaria e Turismo do Estoril,Direção e Gestão Hoteleira (regime pós-laboral)
Escola Superior de Hotelaria e Turismo do Estoril,Gestão do Lazer e Animação Turística (regime pós-laboral)
Escola Superior de Hotelaria e Turismo do Estoril,Gestão Turística (regime pós-laboral)
Instituto Politécnico de Coimbra - Escola Superior de Tecnologia da Saúde de Coimbra,Audiologia
Instituto Politécnico de Coimbra - Escola Superior de Tecnologia da Saúde de Coimbra,Dietética e Nutrição
Instituto Politécnico de Coimbra - Escola Superior de Tecnologia da Saúde de Coimbra,Fisioterapia
Instituto Politécnico de Coimbra - Escola Superior de Tecnologia da Saúde de Coimbra,Farmácia
Instituto Politécnico de Coimbra - Escola Superior de Tecnologia da Saúde de Coimbra,Saúde Ambiental
Instituto Politécnico de Coimbra - Escola Superior de Tecnologia da Saúde de Coimbra,Imagem Médica e Radioterapia
Instituto Politécnico de Coimbra - Escola Superior de Tecnologia da Saúde de Coimbra,Fisiologia Clínica
Instituto Politécnico de Coimbra - Escola Superior de Tecnologia da Saúde de Coimbra,Ciências Biomédicas Laboratoriais
Instituto Politécnico de Lisboa - Escola Superior de Tecnologia da Saúde de Lisboa,Dietética e Nutrição
Instituto Politécnico de Lisboa - Escola Superior de Tecnologia da Saúde de Lisboa,Ortoprotesia
Instituto Politécnico de Lisboa - Escola Superior de Tecnologia da Saúde de Lisboa,Fisioterapia
Instituto Politécnico de Lisboa - Escola Superior de Tecnologia da Saúde de Lisboa,Farmácia
Instituto Politécnico de Lisboa - Escola Superior de Tecnologia da Saúde de Lisboa,Saúde Ambiental
Instituto Politécnico de Lisboa - Escola Superior de Tecnologia da Saúde de Lisboa,Imagem Médica e Radioterapia
Instituto Politécnico de Lisboa - Escola Superior de Tecnologia da Saúde de Lisboa,Fisiologia Clínica
Instituto Politécnico de Lisboa - Escola Superior de Tecnologia da Saúde de Lisboa,Ciências Biomédicas Laboratoriais
Instituto Politécnico de Lisboa - Escola Superior de Tecnologia da Saúde de Lisboa,Ortóptica e Ciências da Visão
Instituto Politécnico do Porto - Escola Superior de Saúde,Terapia Ocupacional
Instituto Politécnico do Porto - Escola Superior de Saúde,Audiologia
Instituto Politécnico do Porto - Escola Superior de Saúde,Ortóptica
Instituto Politécnico do Porto - Escola Superior de Saúde,Fisioterapia
Instituto Politécnico do Porto - Escola Superior de Saúde,Farmácia
Instituto Politécnico do Porto - Escola Superior de Saúde,Saúde Ambiental
Instituto Politécnico do Porto - Escola Superior de Saúde,Terapia da Fala
Instituto Politécnico do Porto - Escola Superior de Saúde,Imagem Médica e Radioterapia
Instituto Politécnico do Porto - Escola Superior de Saúde,Fisiologia Clínica
Instituto Politécnico do Porto - Escola Superior de Saúde,Ciências Biomédicas Laboratoriais
Instituto Politécnico do Porto - Escola Superior de Saúde,Biotecnologia Medicinal
Instituto Politécnico do Porto - Escola Superior de Saúde,Osteopatia
